{
  "scaling": {
    "60": {
      "0": 0.8333333333333334,
      "1": 0.75,
      "2": 0.5833333333333334,
      "3": 0.25
    },
    "100": {
      "0": 0.8333333333333334,
      "1": 1.0,
      "2": 0.08333333333333333,
      "3": 0.0
    },
    "150": {
      "0": 0.75,
      "1": 1.0,
      "2": 0.0,
      "3": 0.0
    }
  },
  "config": {
    "N_SIZES": [
      60,
      100,
      150
    ],
    "N_RUNS": 12,
    "M_ENSEMBLE": 5,
    "SIGNAL_INC": 0.5,
    "AIC_PENALTY_PER_D": 3.0
  }
}